{ "timeline":
{"headline":"contextual","text":"NewsReader timeline","events":[{"classes":{"eso":["Translocation"],"fn":["Travel"]},"time":"20051105","event":"http://en.wikinews.org/wiki/Engine_troubles_delay_Airbus_superjumbo_tour#ev18","labels":["tour"],"mentions":["http://en.wikinews.org/wiki/Engine_troubles_delay_Airbus_superjumbo_tour#char=139","143"]},{"classes":{"wn":["ili-30-02258617-v"]},"time":"NOTIMEANCHOR","event":"http://www.newsreader-project.eu/ontologies/ili-30-02258617-v","labels":["vervangen"],"mentions":["http://www.newsreader-project.eu/data/timeline/3235_Engine_troubles_delay_Airbus_superjumbo_tour_dutch_utf8.nl#char=323","332"]},{"classes":{"eso":["IntentionalEvent"],"wn":["ili-30-02641957-v"],"fn":["Hindering","Change_event_time"]},"time":"20051105","event":"http://www.newsreader-project.eu/ontologies/ili-30-02641957-v","labels":["retrasar","delay"],"actors":{"fn/Hindering@Protagonist+fn/Change_event_time@Event":["http://www.newsreader-project.eu/data/timeline/non-entities/la+gira+del+superjumbo+de+Airbus","http://www.newsreader-project.eu/data/timeline/non-entities/Airbus+superjumbo+tour"],"fn/Hindering@Protagonist+fn/Change_event_time@Agent":["http://www.newsreader-project.eu/data/timeline/non-entities/Engine+troubles","http://www.newsreader-project.eu/data/timeline/non-entities/Problemas+de+motor"]},"mentions":["http://www.newsreader-project.eu/data/Annotation-Spanish/Boeing/Boeing_txt/3235_Engine_troubles.txt.es#char=185","194","http://en.wikinews.org/wiki/Engine_troubles_delay_Airbus_superjumbo_tour#char=175","182","http://www.newsreader-project.eu/data/Annotation-Spanish/Boeing/Boeing_txt/3235_Engine_troubles.txt.es#char=19","27","http://en.wikinews.org/wiki/Engine_troubles_delay_Airbus_superjumbo_tour#char=17","22"]},{"classes":{"eso":["Transportation"],"wn":["ili-30-01449974-v"],"fn":["Bringing"]},"time":"NOTIMEANCHOR","event":"http://www.newsreader-project.eu/ontologies/ili-30-01449974-v","labels":["dragen"],"actors":{"fn/Bringing@Agent":["http://dbpedia.org/resource/Airbus_A380","http://www.newsreader-project.eu/data/timeline/non-entities/de+kleuren+van+Singapore"]},"mentions":["http://www.newsreader-project.eu/data/timeline/3235_Engine_troubles_delay_Airbus_superjumbo_tour_dutch_utf8.nl#char=613","619"]},{"classes":{"wn":["ili-30-01770501-v","ili-30-01764171-v"],"fn":["Experiencer_obj"]},"time":"20051105","event":"http://www.newsreader-project.eu/ontologies/ili-30-01764171-v-and-ili-30-01770501-v","labels":["trouble"],"actors":{"fn/Experiencer_obj@Experiencer":["http://www.newsreader-project.eu/data/timeline/non-entities/Engine+troubles"]},"mentions":["http://en.wikinews.org/wiki/Engine_troubles_delay_Airbus_superjumbo_tour#char=8","16"]},{"classes":{"eso":["Leaving"],"wn":["ili-30-02383440-v","ili-30-01848718-v","ili-30-02014165-v"],"fn":["Departing"]},"time":"20051105","event":"http://www.newsreader-project.eu/ontologies/ili-30-02014165-v-and-ili-30-01848718-v-and-ili-30-02383440-v","labels":["departure"],"actors":{"fn/Departing@Theme":["http://dbpedia.org/resource/France"]},"mentions":["http://en.wikinews.org/wiki/Engine_troubles_delay_Airbus_superjumbo_tour#char=69","78"]}],"type":"default"}}
