{ "timeline":
{"headline":"contextual","text":"NewsReader timeline","events":[{"classes":{"eso":["Translocation"],"fn":["Travel"]},"time":"20051105","event":"http://en.wikinews.org/wiki/Engine_troubles_delay_Airbus_superjumbo_tour#ev18","labels":["tour"],"actors":{"pb/A1":["http://dbpedia.org/resource/Asia","http://dbpedia.org/resource/Australia"]},"mentions":["http://en.wikinews.org/wiki/Engine_troubles_delay_Airbus_superjumbo_tour#char=139","143"]},{"classes":{"wn":["ili-30-02258617-v"]},"time":"NOTIMEANCHOR","event":"http://www.newsreader-project.eu/ontologies/ili-30-02258617-v","labels":["vervangen"],"actors":{"pb/A1":["http://www.newsreader-project.eu/data/timeline/entities/Rolls-Royce_Trent_900-motoren"]},"mentions":["http://www.newsreader-project.eu/data/timeline/3235_Engine_troubles_delay_Airbus_superjumbo_tour_dutch_utf8.nl#char=323","332"]},{"classes":{"eso":["IntentionalEvent"],"wn":["ili-30-02641957-v"],"fn":["Hindering","Change_event_time"]},"time":"20051105","event":"http://www.newsreader-project.eu/ontologies/ili-30-02641957-v","labels":["retrasar","delay"],"actors":{"pb/A0":["http://www.newsreader-project.eu/data/timeline/non-entities/Engine+troubles","http://www.newsreader-project.eu/data/timeline/non-entities/Problemas+de+motor"],"pb/A1":["http://www.newsreader-project.eu/data/timeline/non-entities/la+gira+del+superjumbo+de+Airbus","http://www.newsreader-project.eu/data/timeline/non-entities/Airbus+superjumbo+tour"]},"mentions":["http://www.newsreader-project.eu/data/Annotation-Spanish/Boeing/Boeing_txt/3235_Engine_troubles.txt.es#char=185","194","http://en.wikinews.org/wiki/Engine_troubles_delay_Airbus_superjumbo_tour#char=175","182","http://www.newsreader-project.eu/data/Annotation-Spanish/Boeing/Boeing_txt/3235_Engine_troubles.txt.es#char=19","27","http://en.wikinews.org/wiki/Engine_troubles_delay_Airbus_superjumbo_tour#char=17","22"]},{"classes":{"eso":["Transportation"],"wn":["ili-30-01449974-v"],"fn":["Bringing"]},"time":"NOTIMEANCHOR","event":"http://www.newsreader-project.eu/ontologies/ili-30-01449974-v","labels":["dragen"],"actors":{"pb/A0":["http://dbpedia.org/resource/Airbus_A380","http://www.newsreader-project.eu/data/timeline/non-entities/de+kleuren+van+Singapore"],"pb/A3":["http://dbpedia.org/resource/Singapore_Airlines"]},"mentions":["http://www.newsreader-project.eu/data/timeline/3235_Engine_troubles_delay_Airbus_superjumbo_tour_dutch_utf8.nl#char=613","619"]},{"classes":{"wn":["ili-30-01770501-v","ili-30-01764171-v"],"fn":["Experiencer_obj"]},"time":"20051105","event":"http://www.newsreader-project.eu/ontologies/ili-30-01764171-v-and-ili-30-01770501-v","labels":["trouble"],"actors":{"pb/A1":["http://www.newsreader-project.eu/data/timeline/non-entities/Engine+troubles"]},"mentions":["http://en.wikinews.org/wiki/Engine_troubles_delay_Airbus_superjumbo_tour#char=8","16"]},{"classes":{"eso":["Leaving"],"wn":["ili-30-02383440-v","ili-30-01848718-v","ili-30-02014165-v"],"fn":["Departing"]},"time":"20051105","event":"http://www.newsreader-project.eu/ontologies/ili-30-02014165-v-and-ili-30-01848718-v-and-ili-30-02383440-v","labels":["departure"],"actors":{"pb/A0":["http://dbpedia.org/resource/France"]},"mentions":["http://en.wikinews.org/wiki/Engine_troubles_delay_Airbus_superjumbo_tour#char=69","78"]}],"type":"default"}}
